{"cameraMode":{"drawMode":0,"name":"Shaded","section":"Shading Mode"},"sceneLighting":true,"audioPlay":false,"sceneViewState":{"showFog":true,"showMaterialUpdate":true,"showSkybox":true,"showFlares":true,"showImageEffects":true,"showParticleSystems":true},"in2DMode":false,"pivot":{"x":3.4680638313293459,"y":-6.17169189453125,"z":-3.0789108276367189},"rotation":{"x":-0.4776734411716461,"y":-0.09609202295541763,"z":0.05265800654888153,"w":-0.871679961681366},"size":32.48509216308594,"orthographic":false}